,Global_GDP,US_Industrial_Production_Index,Global_Inflation,US_CPI_Fuels,10Y_Treasury_Yield,Fed_Funds_Rate,RealGDP_PerCapita,Unemployment_rate,opec_prod,Global_Prod,Econ_Policy_Uncertainty,Global_Policy_Uncertainty,US_FinReports_Petroleum_Coal,Vol_Energy_Regulation,Vol_Elections,WTI_Futures,US Dollar Index (DXY),WTI_Spot,Brent_Spot,NaturalGas_Spot,Baltic_Clean_Tanker,Baltic_Dirty_Tanker,GSCPI_Index
2004-01-01,44116244570755.0,92.3268,3.51799903099596,148.7,4.15,1.0,52179.0,5.7,19536.6986302,83153.5017431694,94.51192913553524,72.57179193291277,39882.0,0.10573,1.05727,87.19999694824219,16.6299991607666,33.04999923706055,31.28,6.14,1327.0,2013.0,-0.5
2004-02-01,44419917584754.4,92.8995,3.567103337342906,147.2,4.08,1.01,52275.66666666666,5.6,19589.98435205833,83280.11705429798,53.071842748070026,71.39588502707733,40685.333333333336,0.25981,0.41569,87.30999755859375,14.550000190734863,34.404998779296875,30.86,5.37,1469.0,1394.0,-0.38
2004-03-01,44723590598753.8,92.5368,3.616207643689852,146.6,3.83,1.0,52372.333333333336,5.8,19643.270073916665,83406.73236542655,38.915768923689086,78.12038848494178,41488.66666666666,0.14511,0.58044,87.61000061035156,16.739999771118164,35.7599983215332,33.63,5.39,1042.0,1370.0,-0.03
2004-04-01,45027263612753.2,92.8957,3.6653119500367977,145.5,4.35,1.0,52469.0,5.6,19696.555795775,83533.34767655513,57.156985768151,76.38413968116156,42292.0,0.10307,0.46382,90.4800033569336,17.190000534057617,37.380001068115234,33.59,5.71,908.0,1129.0,0.4
2004-05-01,45330936626752.6,93.5845,3.714416256383744,151.3,4.72,1.0,52591.0,5.6,19749.841517633333,83659.96298768371,92.67783957726706,91.30488675915788,44301.66666666666,0.1568,0.67946,88.94999694824219,15.5,39.880001068115234,37.57,6.33,1100.0,1450.0,0.33
2004-06-01,45634609640752.0,92.8651,3.76352056273069,154.9,4.73,1.03,52713.0,5.6,19803.127239491667,83786.57829881228,114.73608299109554,76.81223487532225,46311.333333333336,0.15666,0.31332,88.80000305175781,14.34000015258789,37.04999923706055,35.18,6.27,1113.0,1450.0,0.4
2004-07-01,45938282654751.4,93.5502,3.812624869077635,156.4,4.5,1.26,52835.0,5.5,19856.41296135,83913.19360994086,73.3490920294071,74.03428647317895,48321.0,0.11105,1.11046,89.95999908447266,15.31999969482422,43.79999923706055,38.22,5.93,1025.0,1507.0,-0.45
2004-08-01,46241955668750.8,93.6301,3.861729175424581,161.3,4.28,1.43,52970.66666666666,5.4,19909.69868320833,84039.80892106945,95.12458581094263,69.14017972263574,48664.66666666666,0.20639,1.34154,88.94000244140625,15.289999961853027,46.71999931335449,42.74,5.41,1032.0,1266.0,0.07
2004-09-01,46545628682750.2,93.7353,3.910833481771527,164.5,4.13,1.61,53106.333333333336,5.4,19962.984405066665,84166.42423219801,71.32165236865772,78.88870914449251,49008.333333333336,0.0,1.02148,87.36000061035156,13.34000015258789,49.63999938964844,43.2,5.15,1057.0,2012.0,-0.02
2004-10-01,46849301696749.59,94.5695,3.9599377881184727,176.5,4.1,1.76,53242.0,5.5,20016.270126925,84293.0395433266,107.70223015002408,89.19265503805981,49352.0,0.29936,2.0955,84.91000366210938,16.270000457763672,51.7599983215332,49.78,6.35,1757.0,3008.0,-0.6
2004-11-01,47152974710749.0,94.8015,4.009042094465419,186.4,4.19,1.93,53401.0,5.4,20069.555848783333,84419.65485445518,78.57551175347272,84.47134893312901,49820.0,0.15709,1.57093,81.81999969482422,13.239999771118164,49.130001068115234,43.11,6.17,1755.0,2797.0,-0.04
2004-12-01,47456647724748.4,95.5415,4.058146400812364,183.1,4.23,2.16,53560.0,5.4,20122.841570641667,84546.27016558374,28.59229405983308,64.97919628872225,50288.0,0.15462,0.56692,80.8499984741211,13.289999961853027,43.45000076293945,39.6,6.58,1619.0,2145.0,0.12
2005-01-01,47760320738747.8,95.8785,4.10725070715931,181.2,4.22,2.28,53719.0,5.3,20176.1272925,84672.88547671233,77.83283293286578,57.825657810257525,50756.0,0.26127,1.25409,83.5999984741211,12.81999969482422,48.20000076293945,44.51,6.15,1309.0,1357.0,-0.09
2005-02-01,48092778063234.375,96.5709,4.120577701054588,188.5,4.17,2.5,53768.66666666666,5.4,20199.058978,84720.99513082192,31.34054453642505,54.35183578165533,53277.0,0.0,0.27649,82.51000213623047,12.079999923706056,51.75,45.48,6.14,1250.0,1611.0,-0.13
2005-03-01,48425235387720.95,96.4345,4.133904694949865,195.5,4.5,2.63,53818.333333333336,5.2,20221.9906635,84769.10478493151,42.25327753097176,54.08566838739821,55798.0,0.14426,0.3366,84.05999755859375,14.020000457763672,55.400001525878906,53.1,6.96,1285.0,1373.0,-0.27
2005-04-01,48757692712207.52,96.6347,4.147231688845142,199.5,4.34,2.79,53868.0,5.2,20244.922349,84817.2144390411,68.83730803378565,68.70346480521698,58319.0,0.15338,0.46013,84.43000030517578,15.3100004196167,49.720001220703125,51.88,7.16,1173.0,1274.0,-1.3
2005-05-01,49090150036694.1,96.7251,4.160558682740421,193.9,4.14,3.0,53963.0,5.1,20267.8540345,84865.32409315069,60.59286998249021,69.36342754697311,59899.66666666666,0.25602,0.15361,87.76000213623047,13.289999961853027,53.11000061035156,48.65,6.47,1039.0,1251.0,-0.96
2005-06-01,49422607361180.67,97.1483,4.173885676635698,195.0,4.0,3.04,54058.0,5.0,20290.78572,84913.43374726028,61.4135147374454,70.00514334071883,61480.333333333336,0.05226,0.20905,89.11000061035156,12.039999961853027,56.5,54.35,7.18,1122.0,1193.0,-0.92
2005-07-01,49755064685667.25,96.8397,4.187212670530975,202.9,4.18,3.26,54153.0,5.0,20313.7174055,84961.54340136985,56.60819118943854,61.42636395236101,63061.0,0.1419,0.28381,89.3499984741211,11.56999969482422,60.56999969482422,57.52,7.63,989.0,1097.0,-0.86
2005-08-01,50087522010153.83,97.1584,4.200539664426253,209.8,4.26,3.5,54207.66666666666,4.9,20336.649091,85009.65305547944,42.41258188467616,61.47289515792959,63803.0,0.11417,0.05709,87.58000183105469,12.600000381469728,68.94000244140625,63.98,9.53,1212.0,1076.0,-0.48
2005-09-01,50419979334640.4,95.2764,4.21386665832153,235.9,4.2,3.62,54262.333333333336,5.0,20359.5807765,85057.76270958903,126.8743664666778,92.8811139167234,64545.0,0.28744,0.09581,89.5199966430664,11.920000076293944,66.23999786376953,62.91,11.75,1797.0,1514.0,0.07
2005-10-01,50752436659126.98,96.4411,4.227193652216808,241.1,4.46,3.78,54317.0,5.0,20382.512462,85105.87236369863,80.45718733124258,64.67600679965024,65287.0,0.22703,0.31784,90.06999969482422,15.31999969482422,59.7599983215332,58.54,13.42,1842.0,2196.0,-0.1
2005-11-01,51084893983613.56,97.5016,4.240520646112086,231.5,4.54,4.0,54520.333333333336,5.0,20405.4441475,85153.98201780822,32.466095980037096,67.36643395513336,63767.0,0.10356,0.15534,91.56999969482422,12.0600004196167,57.31999969482422,55.24,10.3,1316.0,2149.0,-0.65
2005-12-01,51417351308100.125,97.9723,4.253847640007363,227.8,4.47,4.16,54723.66666666666,4.9,20428.375833,85202.0916719178,78.73817649110998,60.62712047883731,62247.0,0.2798,0.33576,91.16999816894533,12.06999969482422,61.040000915527344,56.86,13.05,1587.0,2077.0,-0.7
2006-01-01,51749808632586.7,98.127,4.26717463390264,229.5,4.42,4.29,54927.0,4.7,20451.3075185,85250.2013260274,62.22241081414301,68.71987996104883,60727.0,0.17043,0.45449,88.95999908447266,12.949999809265137,61.22500038146973,62.99,8.69,1394.0,1708.0,-0.38
2006-02-01,52296896907361.11,98.1687,4.3124298346965135,230.5,4.57,4.49,54933.0,4.8,20418.16887825833,85268.8620522831,60.37162199694527,58.19725853202639,62492.0,0.05057,0.15171,90.11000061035156,12.34000015258789,61.40999984741211,60.21,7.54,1005.0,1109.0,-0.75
2006-03-01,52843985182135.52,98.3913,4.357685035490387,230.4,4.72,4.59,54939.0,4.7,20385.030238016665,85287.52277853881,46.38076046654976,58.34658013332965,64257.0,0.04653,0.41873,89.7300033569336,11.390000343322754,66.62999725341797,62.06,6.89,816.0,1019.0,-0.42
2006-04-01,53391073456909.93,98.6826,4.402940236284261,236.4,4.99,4.79,54945.0,4.7,20351.891597775,85306.18350479452,57.94457797737796,72.90650876615376,66022.0,0.1947,0.14603,86.11000061035156,11.59000015258789,71.87999725341797,70.26,7.16,1127.0,1106.0,0.08
2006-05-01,53938161731684.336,98.7074,4.448195437078134,239.8,5.11,4.94,54925.333333333336,4.6,20318.75295753333,85324.84423105023,95.86812370732414,63.130099928708525,64855.333333333336,0.3164,0.26366,84.72000122070312,16.440000534057617,71.29000091552734,69.78,6.25,1045.0,1159.0,0.1
2006-06-01,54485250006458.74,99.0398,4.493450637872007,239.1,5.11,4.99,54905.66666666666,4.6,20285.614317291664,85343.50495730594,91.21692511895128,73.49736106966152,63688.66666666666,0.0,0.51275,85.22000122070312,13.079999923706056,73.9800033569336,68.56,6.21,1076.0,1375.0,0.14
2006-07-01,55032338281233.16,98.9751,4.53870583866588,241.9,5.09,5.24,54886.0,4.7,20252.47567705,85362.16568356164,120.16363501225362,68.05633129314238,62522.0,0.23049,0.5186,85.30000305175781,14.949999809265137,74.4000015258789,73.67,6.17,1227.0,1400.0,-0.1
2006-08-01,55579426556007.56,99.4047,4.583961039459753,245.3,4.88,5.25,54996.0,4.7,20219.33703680833,85380.82640981735,134.59693721005104,57.36284746667207,64228.0,0.22336,0.11168,85.05000305175781,12.3100004196167,70.26000213623047,73.23,7.14,1263.0,1424.0,0.05
2006-09-01,56126514830781.97,99.2246,4.629216240253626,237.1,4.72,5.25,55106.0,4.5,20186.198396566662,85399.48713607306,35.063340463333255,59.275365436343584,65934.0,0.14786,1.13362,85.97000122070312,11.979999542236328,62.90999984741211,61.96,4.9,1116.0,1275.0,-0.63
2006-10-01,56673603105556.375,99.1229,4.6744714410475,227.9,4.73,5.25,55216.0,4.4,20153.059756325,85418.14786232877,36.09655980452553,60.0472354521142,67640.0,0.14396,0.47985,85.31999969482422,11.100000381469728,63.02000045776367,57.81,5.85,872.0,1237.0,-0.5
2006-11-01,57220691380330.78,99.0963,4.7197266418413735,227.2,4.6,5.25,55230.66666666666,4.5,20119.921116083333,85436.80858858448,48.19654218698915,57.22319129888184,66706.66666666667,0.04378,0.56918,82.91999816894531,10.90999984741211,63.130001068115234,58.76,7.41,931.0,996.0,-0.23
2006-12-01,57767779655105.2,100.1125,4.764981842635247,233.2,4.56,5.24,55245.333333333336,4.4,20086.78247584167,85455.46931484019,17.616228674882336,56.8783571572956,65773.33333333333,0.09405,0.79944,83.72000122070312,11.5600004196167,61.04999923706055,62.47,6.73,1289.0,1461.0,-0.45
2007-01-01,58314867929879.6,99.7546,4.81023704342912,227.93,4.76,5.25,55260.0,4.6,20053.6438356,85474.1300410959,44.72173252930129,65.54910665710183,64840.0,0.31575,0.36085,84.61000061035156,10.420000076293944,58.13999938964844,53.68,6.55,911.0,1195.0,-0.87
2007-02-01,58794653596526.586,100.7166,5.155213402604516,231.8,4.72,5.26,55331.333333333336,4.5,20109.95570775,85581.90838507607,27.48456457636981,54.681316904377454,66598.33333333333,0.50807,0.45726,83.56999969482422,15.420000076293944,61.790000915527344,57.56,8.0,1055.0,1101.0,-0.71
2007-03-01,59274439263173.57,100.8952,5.500189761779911,236.863,4.56,5.26,55402.66666666666,4.4,20166.2675799,85689.68672905624,59.73266381745509,64.00662355821434,68356.66666666667,0.22984,0.41371,82.93000030517578,14.640000343322754,65.87000274658203,62.05,7.11,1096.0,1398.0,-0.58
2007-04-01,59754224929820.55,101.5723,5.845166120955307,240.09,4.69,5.25,55474.0,4.5,20222.57945205,85797.46507303641,31.232594761195557,60.55613948557495,70115.0,0.40562,0.40562,81.44999694824219,14.220000267028809,64.94000244140625,67.49,7.6,1049.0,1236.0,-0.81
2007-05-01,60234010596467.53,101.6269,6.190142480130703,241.473,4.75,5.25,55532.333333333336,4.4,20278.8913242,85905.24341701657,36.27664629670453,56.72475192965876,71416.66666666667,0.13671,0.36456,82.30000305175781,13.050000190734863,64.01000213623047,67.21,7.64,1157.0,1016.0,-0.41
2007-06-01,60713796263114.52,101.6547,6.535118839306099,241.589,5.1,5.25,55590.66666666666,4.6,20335.20319635,86013.02176099674,42.459964735377845,56.92716118321945,72718.33333333333,0.13979,0.60577,81.91999816894531,16.229999542236328,70.68000030517578,71.05,7.35,949.0,1029.0,-0.37
2007-07-01,61193581929761.5,101.4953,6.880095198481495,245.68,5.0,5.26,55649.0,4.7,20391.5150685,86120.80010497691,25.43432020815925,49.23046066989488,74020.0,0.36165,0.36165,80.7699966430664,23.520000457763672,72.36000061035156,76.93,6.22,918.0,999.0,-0.43
2007-08-01,61673367596408.48,101.6943,7.22507155765689,246.542,4.67,5.02,55718.333333333336,4.6,20447.82694065,86228.57844895708,148.93293546856887,77.56142009403736,75917.0,0.15622,0.46866,80.79000091552734,23.3799991607666,74.04000091552734,70.76,6.22,780.0,810.0,-0.1
2007-09-01,62153153263055.47,101.9428,7.570047916832286,252.58,4.52,4.94,55787.66666666666,4.7,20504.1388128,86336.35679293725,154.1409047843251,99.93417748675434,77814.0,0.60057,0.95089,77.72000122070312,18.0,81.66000366210938,77.17,6.08,771.0,920.0,-0.04
2007-10-01,62632938929702.45,101.6446,7.915024276007682,261.745,4.53,4.76,55857.0,4.7,20560.45068495,86444.13513691741,122.13596325685135,79.91981551325384,79711.0,0.3417,0.09763,76.4800033569336,18.530000686645508,94.52999877929688,82.34,6.74,808.0,1079.0,-0.61
2007-11-01,63112724596349.43,102.2167,8.260000635183077,291.845,4.15,4.49,55737.0,4.7,20616.7625571,86551.91348089758,94.69215130903407,84.6295447839034,81368.33333333333,0.28795,0.5759,76.1500015258789,22.8700008392334,88.70999908447266,92.41,7.1,1184.0,1535.0,-0.48
2007-12-01,63592510262996.414,102.2764,8.604976994358474,299.296,4.1,4.24,55617.0,5.0,20673.07442925,86659.69182487775,125.26931116373171,95.54697960236466,83025.66666666667,0.61716,0.92575,76.69999694824219,22.5,95.9800033569336,90.93,7.11,1086.0,2143.0,-0.15
2008-01-01,64072295929643.4,102.1493,8.94995335353387,306.937,3.74,3.94,55497.0,5.0,20729.3863014,86767.47016885792,238.2866373310877,135.17280797636033,84683.0,0.42657,1.06643,75.18000030517578,26.200000762939453,91.75,92.18,7.99,943.0,1188.0,-0.36
2008-02-01,63792793165046.45,101.7756,8.442494620658273,308.269,3.74,2.98,55566.333333333336,4.9,20563.918226816662,86679.86642080013,102.75051901663572,102.20854551876376,92513.0,0.36027,0.6176,73.70999908447266,26.540000915527344,101.83999633789062,94.99,8.54,946.0,1167.0,0.45
2008-03-01,63513290400449.52,101.4508,7.935035887782678,332.139,3.51,2.61,55635.66666666666,5.1,20398.45015223333,86592.26267274233,161.23567795565722,118.2960321995588,100343.0,0.47433,0.66406,71.80000305175781,25.61000061035156,101.58000183105469,103.64,9.41,883.0,1510.0,0.15
2008-04-01,63233787635852.58,100.7554,7.427577154907082,342.811,3.68,2.28,55705.0,5.0,20232.98207765,86504.65892468454,88.15247822632972,92.08363293354596,108173.0,0.42136,0.88954,72.51000213623047,20.790000915527344,113.45999908447266,109.07,10.18,1210.0,1651.0,0.13
2008-05-01,62954284871255.63,100.1336,6.920118422031486,363.872,3.88,1.98,55562.66666666666,5.4,20067.514003066663,86417.05517662675,48.3197230880654,78.16943167582406,99964.33333333331,0.2372,0.37952,72.87999725341797,17.829999923706055,127.3499984741211,122.8,11.27,1369.0,1993.0,-0.12
2008-06-01,62674782106658.69,99.8728,6.41265968915589,389.423,4.1,2.0,55420.333333333336,5.6,19902.04592848333,86329.45142856895,51.213192443622845,88.68147054212194,91755.66666666669,0.39866,0.17718,72.45999908447266,23.950000762939453,125.71500015258789,132.32,12.69,1465.0,1902.0,0.27
2008-07-01,62395279342061.75,99.4194,5.905200956280295,395.706,4.01,2.01,55278.0,5.8,19736.5778539,86241.84768051116,94.88114732633971,94.62960467352244,83547.0,0.45082,0.56353,73.2300033569336,22.940000534057617,124.08000183105469,132.72,11.09,1305.0,1965.0,0.99
2008-08-01,62115776577464.81,97.8491,5.397742223404698,367.794,3.89,2.0,54832.333333333336,6.1,19571.109779316663,86154.24393245335,66.7889949827039,90.27334933230772,74591.0,0.22883,0.50343,77.37999725341797,20.649999618530277,115.45999908447266,113.24,8.26,1480.0,1458.0,0.28
2008-09-01,61836273812867.87,93.5576,4.890283490529103,349.164,3.69,1.81,54386.66666666666,6.1,19405.64170473333,86066.64018439555,202.1720929206172,167.824731743518,65635.0,0.56028,0.99605,79.44999694824219,39.38999938964844,100.63999938964844,97.23,7.67,1399.0,1538.0,-0.54
2008-10-01,61556771048270.92,94.4985,4.382824757653507,318.667,3.81,0.97,53941.0,6.5,19240.17363015,85979.03643633776,181.9019391971883,206.0516940727451,56679.0,0.85462,1.22089,85.62999725341797,59.88999938964844,67.80999755859375,71.58,6.74,1063.0,1298.0,-0.99
2008-11-01,61277268283673.984,93.2617,3.875366024777911,281.869,3.53,0.39,53701.0,6.8,19074.705555566667,85891.43268827997,142.7077397772439,143.4733743046393,55155.0,0.60115,1.92368,86.5199966430664,55.27999877929688,54.43000030517578,52.45,6.68,888.0,1073.0,-1.5
2008-12-01,60997765519077.05,90.6266,3.3679072919023154,256.209,2.42,0.16,53461.0,7.3,18909.23748098333,85803.82894022217,113.55094716338265,145.89697580384336,53631.0,0.47513,0.29695,81.30999755859375,40.0,44.599998474121094,39.95,5.82,838.0,1243.0,-0.66
2009-01-01,60718262754480.1,88.3712,2.86044855902672,247.163,2.52,0.15,53221.0,7.8,18743.7694064,85716.22519216438,71.87853069662651,146.30533524901188,52107.0,0.53627,0.17876,86.0,44.84000015258789,41.68000030517578,43.44,5.24,598.0,611.0,-0.37
2009-02-01,61201255411171.43,87.843,2.899273231915029,242.264,2.87,0.22,53153.0,8.3,18754.73639650833,85849.64627826308,145.24662625226426,147.8530789188736,55110.0,0.76998,0.38499,88.01000213623047,46.34999847412109,44.826666514078774,43.32,4.52,554.0,601.0,-0.42
2009-03-01,61684248067862.75,86.4689,2.9380979048033384,230.837,2.82,0.18,53085.0,8.7,18765.703386616668,85983.06736436179,93.09614136219304,132.34339579200463,58113.0,0.53873,0.11972,85.43000030517578,44.13999938964844,47.97333272298177,46.54,3.96,372.0,540.0,0.21
2009-04-01,62167240724554.08,85.7903,2.9769225776916475,228.107,2.93,0.15,53017.0,9.0,18776.670376725,86116.4884504605,71.0436356717149,103.61339391306372,61116.0,0.16575,0.27625,84.61000061035156,36.5,51.119998931884766,50.18,3.5,403.0,477.0,0.88
2009-05-01,62650233381245.4,84.9436,3.0157472505799565,225.164,3.29,0.18,53038.333333333336,9.4,18787.637366833333,86249.90953655921,88.83601038763258,103.64886760642246,60632.0,0.47346,0.05918,80.43000030517578,28.920000076293945,66.30999755859375,57.3,3.83,481.0,482.0,0.37
2009-06-01,63133226037936.73,84.6746,3.054571923468266,232.638,3.72,0.21,53059.66666666666,9.5,18798.604356941665,86383.33062265792,44.0260669570884,109.82652727673424,60148.0,0.51902,0.06488,80.12999725341797,26.350000381469727,69.88999938964844,68.61,3.8,465.0,648.0,-0.49
2009-07-01,63616218694628.05,85.6853,3.093396596356575,230.192,3.56,0.16,53081.0,9.5,18809.57134705,86516.75170875661,46.60460583559683,101.29100255685988,59664.0,0.43797,0.21898,78.3499984741211,25.920000076293945,69.44999694824219,64.44,3.38,465.0,474.0,-0.73
2009-08-01,64099211351319.375,86.6393,3.132221269244884,237.521,3.59,0.16,53231.0,9.6,18820.53833715833,86650.17279485532,46.04740415972305,98.28386918586952,60898.0,0.2738,0.21904,78.16999816894531,26.01000022888184,69.95999908447266,72.51,3.14,433.0,500.0,-1.1
2009-09-01,64582204008010.7,87.3821,3.1710459421331936,236.616,3.4,0.15,53381.0,9.8,18831.505327266663,86783.59388095402,71.1810665304195,99.42292962354672,62132.0,0.10489,0.05245,76.6500015258789,25.61000061035156,70.61000061035156,67.65,2.99,518.0,570.0,-0.49
2009-10-01,65065196664702.02,87.5809,3.2098706150215026,243.936,3.39,0.12,53531.0,10.0,18842.472317375,86917.01496705273,30.44925687135483,86.35995169916472,63366.0,0.21295,0.0,76.30000305175781,30.690000534057617,77.0,72.77,4.01,442.0,593.0,-0.45
2009-11-01,65548189321393.35,87.9388,3.248695287909812,260.25,3.4,0.12,53581.66666666666,9.9,18853.43930748333,87050.43605315144,108.7670687523208,99.46718931225548,63997.66666666666,0.22985,0.17239,74.87999725341797,24.51000022888184,78.18000030517578,76.66,3.66,519.0,679.0,-0.79
2009-12-01,66031181978084.67,88.2404,3.287519960798121,262.649,3.59,0.12,53632.333333333336,9.9,18864.406297591668,87183.85713925015,71.07693764980095,98.4276007062557,64629.333333333336,0.15161,0.10108,77.86000061035156,21.68000030517578,79.36000061035156,74.46,5.35,634.0,814.0,-0.62
2010-01-01,66514174634776.0,89.1897,3.32634463368643,280.85,3.73,0.11,53683.0,9.8,18875.3732877,87317.27822534885,107.86946301536707,113.06566928452516,65261.0,0.35236,0.41108,79.45999908447266,24.6200008392334,72.88999938964844,76.17,5.83,885.0,1077.0,-0.33
2010-02-01,67134476157692.21,89.5046,3.451015610890332,277.284,3.69,0.13,53822.0,9.8,19039.62838663333,87414.30204979022,80.1170362229333,111.39599001393935,64870.333333333336,0.27737,0.0,80.36000061035156,19.5,79.66000366210938,73.75,5.32,762.0,897.0,-0.17
2010-03-01,67754777680608.414,90.1356,3.575686588094233,276.027,3.73,0.16,53961.0,9.9,19203.88348556667,87511.32587423158,44.525996655135934,107.60035607285305,64479.66666666666,0.26825,0.1073,81.06999969482422,17.59000015258789,83.76000213623047,78.83,4.29,708.0,964.0,0.35
2010-04-01,68375079203524.63,90.4607,3.700357565298135,278.08,3.85,0.2,54100.0,9.9,19368.1385845,87608.34969867294,42.10283667879479,103.8383961980014,64089.0,0.4556,0.17085,81.87000274658203,22.049999237060547,86.1500015258789,84.82,4.03,733.0,996.0,0.27
2010-05-01,68995380726440.84,91.7014,3.8250285425020367,272.606,3.42,0.2,54200.333333333336,9.6,19532.393683433333,87705.37352311431,54.59911353185587,146.9264314355513,64411.0,0.38555,0.16524,86.58999633789062,32.06999969482422,73.97000122070312,75.95,4.14,680.0,962.0,0.4
2010-06-01,69615682249357.04,91.9033,3.9496995197059386,265.521,3.2,0.18,54300.66666666666,9.4,19696.64878236667,87802.39734755567,102.00501051903868,133.87273691737423,64733.0,0.3409,0.17045,86.0199966430664,34.540000915527344,75.62999725341797,74.76,4.8,785.0,855.0,-0.05
2010-07-01,70235983772273.25,92.2549,4.07437049690984,261.257,3.01,0.18,54401.0,9.4,19860.9038813,87899.42117199703,159.49403801422793,141.96894847253253,65055.0,0.69567,0.11594,81.54000091552734,23.5,78.94999694824219,75.58,4.63,796.0,796.0,-0.05
2010-08-01,70856285295189.45,92.5936,4.199041474113741,263.196,2.7,0.19,54457.0,9.5,20025.158980233333,87996.44499643838,133.63676757253856,121.13552433895624,67956.0,0.31893,0.05316,83.19999694824219,26.049999237060547,79.45999908447266,77.04,4.32,679.0,715.0,0.31
2010-09-01,71476586818105.67,92.8533,4.323712451317643,265.812,2.65,0.19,54513.0,9.5,20189.41407916667,88093.46882087975,108.20142959774684,132.6746211264529,70857.0,0.25981,0.20785,78.72000122070312,23.700000762939453,79.97000122070312,77.84,3.89,624.0,686.0,0.38
2010-10-01,72096888341021.88,92.6033,4.448383428521545,276.551,2.54,0.19,54569.0,9.4,20353.6691781,88190.49264532111,109.07293682531936,122.84859067837016,73758.0,0.24812,0.34737,77.2699966430664,21.200000762939453,81.43000030517578,82.67,3.43,627.0,758.0,0.69
2010-11-01,72717189863938.08,92.6686,4.573054405725447,286.367,2.76,0.19,54493.0,9.8,20517.924277033333,88287.51646976247,114.81083435043315,127.56428770901476,75886.66666666667,0.28435,0.22748,81.19999694824219,23.540000915527344,84.11000061035156,85.28,3.71,740.0,882.0,0.45
2010-12-01,73337491386854.3,93.5916,4.697725382929348,298.037,3.29,0.18,54417.0,9.3,20682.17937596667,88384.54029420383,77.0028504384169,130.47146184942636,78015.33333333333,0.16464,0.05488,79.02999877929688,17.75,91.37999725341797,91.45,4.25,759.0,1043.0,0.7
2011-01-01,73957792909770.5,93.3889,4.82239636013325,308.306,3.39,0.17,54341.0,9.1,20846.4344749,88481.5641186452,44.67372723461548,110.54911920551194,80144.0,0.45811,0.45811,77.73999786376953,19.530000686645508,92.19000244140625,96.52,4.49,644.0,662.0,0.78
2011-02-01,74094974893803.19,93.0045,4.73097388521435,315.129,3.58,0.16,54430.66666666666,9.0,20870.930232125,88672.21358875587,41.62163015528885,94.00501753299812,81197.33333333333,0.10912,0.21823,76.88999938964844,18.350000381469727,96.97000122070312,103.72,4.09,724.0,919.0,0.37
2011-03-01,74232156877835.88,93.9684,4.639551410295452,328.847,3.41,0.14,54520.333333333336,9.0,20895.42598935,88862.86305886654,70.49472000899426,127.28818736705588,82250.66666666667,0.46989,0.11747,75.86000061035156,17.739999771118164,106.72000122070312,114.64,3.97,841.0,932.0,0.73
2011-04-01,74369338861868.58,93.6571,4.548128935376552,340.035,3.46,0.1,54610.0,9.1,20919.921746575,89053.51252897721,62.227224747457925,115.90549319487478,83304.0,0.11083,0.22166,72.93000030517578,14.75,113.93000030517578,123.26,4.24,892.0,829.0,1.59
2011-05-01,74506520845901.27,93.7723,4.456706460457653,345.325,3.17,0.09,54567.333333333336,9.0,20944.4175038,89244.16199908787,55.08151472861108,89.15376292689858,81258.33333333333,0.17825,0.11884,74.63999938964844,15.449999809265137,104.67499923706055,114.99,4.31,716.0,761.0,0.92
2011-06-01,74643702829933.95,94.0493,4.365283985538754,345.235,3.0,0.09,54524.66666666666,9.1,20968.913261025,89434.81146919854,91.96403892240836,117.42706723957104,79212.66666666667,0.35552,0.35552,74.30000305175781,16.520000457763672,95.41999816894531,113.83,4.54,694.0,747.0,0.2
2011-07-01,74780884813966.66,94.4958,4.273861510619855,346.556,3.0,0.07,54482.0,9.0,20993.40901825,89625.46093930921,160.64557212177104,156.79499234195376,77167.0,0.13409,0.13409,73.9000015258789,25.25,95.69999694824219,116.97,4.42,684.0,721.0,0.29
2011-08-01,74918066797999.34,95.0974,4.182439035700956,345.613,2.3,0.1,54647.66666666666,9.0,21017.904775475,89816.11040941988,231.1489687908491,215.1311295154729,79372.0,0.91193,0.45596,74.12999725341797,31.6200008392334,88.80999755859375,110.22,4.06,688.0,679.0,-0.1
2011-09-01,75055248782032.03,95.0244,4.091016560782057,344.318,1.98,0.08,54813.333333333336,9.0,21042.4005327,90006.75987953055,122.69902522038764,190.5439042585078,81577.0,0.69785,0.38065,78.55000305175781,42.959999084472656,79.19999694824219,112.83,3.9,725.0,697.0,-0.55
2011-10-01,75192430766064.72,95.6891,3.9995940858631576,343.218,2.15,0.07,54979.0,8.8,21066.896289925,90197.4093496412,75.55926705113976,166.43217929721175,83782.0,0.36061,0.48082,76.16999816894531,29.959999084472656,93.19000244140625,109.55,3.57,728.0,773.0,-0.37
2011-11-01,75329612750097.4,95.6778,3.908171610944258,346.209,2.01,0.08,55100.0,8.6,21091.39204715,90388.05881975188,78.17902266057708,198.1317973637303,85402.66666666667,0.12113,0.18169,78.38999938964844,27.799999237060547,100.36000061035156,110.77,3.24,719.0,788.0,0.14
2011-12-01,75466794734130.11,96.1809,3.816749136025359,341.472,1.98,0.07,55221.0,8.5,21115.887804375,90578.70828986257,88.39772089770635,182.78905137314808,87023.33333333333,0.0,0.33778,80.16999816894531,23.399999618530277,98.83000183105469,107.87,3.17,908.0,930.0,-0.04
2012-01-01,75603976718162.8,96.7595,3.72532666110646,338.522,1.97,0.08,55342.0,8.3,21140.3835616,90769.35775997322,76.10838963145328,161.9731155148132,88644.0,0.24175,1.20875,79.27999877929688,19.440000534057617,102.95000076293945,110.69,2.67,651.0,813.0,0.39
2012-02-01,75782926017713.02,97.0662,3.635855558444736,339.818,1.97,0.1,55391.333333333336,8.3,21131.776027358334,90814.062956481,71.55014347776125,142.62188173566307,84589.0,0.42708,0.21354,78.7300033569336,18.43000030517578,107.06999969482422,119.33,2.51,723.0,784.0,0.02
2012-03-01,75961875317263.25,96.5609,3.546384455783012,339.337,2.17,0.13,55440.66666666666,8.2,21123.168493116667,90858.7681529888,30.020061955727,134.73192062462016,80534.0,0.30604,0.55088,78.93000030517578,15.5,103.0199966430664,125.45,2.17,642.0,818.0,-0.36
2012-04-01,76140824616813.47,97.251,3.456913353121288,344.224,2.05,0.14,55490.0,8.2,21114.560958875,90903.47334949658,62.48596278129446,127.5423219006092,76479.0,0.29416,0.47066,78.79000091552734,17.149999618530273,94.77499771118164,119.75,1.95,626.0,779.0,-0.31
2012-05-01,76319773916363.7,97.4595,3.367442250459564,341.34,1.8,0.16,55478.0,8.2,21105.95342463333,90948.17854600438,61.22184380182376,160.44374596098984,78280.33333333333,0.26739,1.47067,83.04000091552734,24.059999465942383,86.52999877929688,110.34,2.43,605.0,707.0,-0.66
2012-06-01,76498723215913.92,97.4768,3.2779711477978397,323.907,1.62,0.16,55466.0,8.2,21097.345890391665,90992.88374251216,131.7220106639241,189.19506635219832,80081.66666666667,0.06845,1.43737,81.6500015258789,17.079999923706055,84.95999908447266,95.16,2.46,565.0,682.0,-0.7
2012-07-01,76677672515464.16,97.6714,3.188500045136115,320.495,1.53,0.16,55454.0,8.2,21088.73835615,91037.58893901994,123.276343608724,160.21621753862385,81883.0,0.44107,1.02916,82.63999938964844,18.93000030517578,90.71500015258789,102.62,2.95,579.0,642.0,-0.67
2012-08-01,76856621815014.38,97.2734,3.099028942474391,330.489,1.68,0.13,55437.0,8.1,21080.130821908333,91082.29413552771,107.42556663357696,123.13938666300692,81699.33333333333,0.30882,0.61764,81.25,17.469999313354492,96.47000122070312,113.36,2.84,581.0,627.0,-0.13
2012-09-01,77035571114564.6,97.2217,3.009557839812667,336.39,1.72,0.14,55420.0,7.8,21071.523287666667,91126.99933203551,136.66848748904397,152.09238700882753,81515.66666666667,0.30514,1.09851,79.94000244140625,15.729999542236328,92.19000244140625,112.86,2.85,642.0,649.0,-0.24
2012-10-01,77214520414114.83,97.5311,2.9200867371509425,339.808,1.75,0.16,55403.0,7.8,21062.915753425,91171.70452854333,89.7789054659786,159.56126963280454,81332.0,0.6714,1.23089,79.91999816894531,18.600000381469727,86.23999786376953,111.71,3.32,647.0,674.0,0.02
2012-11-01,77393469713665.05,97.9084,2.8306156344892184,339.536,1.65,0.16,55555.0,7.7,21054.30821918333,91216.4097250511,126.06981088005772,173.73892025741654,82050.66666666667,0.10882,1.79559,80.1500015258789,15.869999885559082,88.91000366210938,109.06,3.54,741.0,705.0,-0.33
2012-12-01,77572419013215.28,98.1884,2.7411445318274943,335.029,1.72,0.16,55707.0,7.9,21045.700684941665,91261.11492155888,104.01222595943538,168.52203103989024,82769.33333333333,0.20396,0.71387,79.7699966430664,18.020000457763672,91.81999969482422,109.49,3.34,756.0,764.0,-0.13
2013-01-01,77751368312765.5,98.1736,2.65167342916577,332.369,1.91,0.14,55859.0,8.0,21037.0931507,91305.82011806668,97.48262089011575,167.89868566937773,83488.0,0.36416,0.68279,79.20999908447266,14.279999732971191,97.48999786376953,112.96,3.33,706.0,636.0,-0.03
2013-02-01,77929953100029.14,98.6434,2.626908187418921,333.382,1.98,0.15,55877.333333333336,7.7,21056.541372275,91521.95797567778,77.29902954089897,125.5661369161894,83125.33333333333,0.11793,0.35378,81.9800033569336,15.510000228881836,92.05000305175781,116.05,3.33,693.0,697.0,-0.36
2013-03-01,78108537887292.78,99.047,2.602142945672072,326.197,1.96,0.14,55895.66666666666,7.5,21075.98959385,91738.09583328888,74.67810941789031,141.56808510690408,82762.66666666667,1.88333,0.26279,82.98999786376953,12.699999809265137,97.2300033569336,108.47,3.81,691.0,661.0,-0.53
2013-04-01,78287122674556.42,98.9445,2.577377703925223,322.008,1.76,0.15,55914.0,7.6,21095.437815425,91954.2336909,34.016665274439994,133.5997696881643,82400.0,0.20183,0.10091,81.7300033569336,13.520000457763672,93.45999908447266,102.25,4.17,609.0,619.0,-0.71
2013-05-01,78465707461820.06,99.0383,2.5526124621783737,319.91,1.93,0.11,56033.333333333336,7.5,21114.886037,92170.37154851112,35.08108827374346,106.287878891663,82819.33333333333,0.54669,0.1988,83.37999725341797,16.299999237060547,91.97000122070312,102.56,4.04,589.0,612.0,-0.84
2013-06-01,78644292249083.7,99.2221,2.5278472204315245,324.282,2.3,0.09,56152.66666666666,7.5,21134.334258575,92386.50940612222,55.33706098550452,119.42237635814324,83238.66666666667,0.5369,0.09762,83.16999816894531,16.860000610351562,96.55999755859375,102.92,3.83,561.0,577.0,-0.64
2013-07-01,78822877036347.34,98.8987,2.5030819786846754,329.138,2.58,0.09,56272.0,7.3,21153.782480150003,92602.64726373334,51.459549300698114,108.35696729770208,83658.0,0.47176,0.20967,81.44999694824219,13.449999809265137,105.02999877929688,107.93,3.62,615.0,624.0,-0.64
2013-08-01,79001461823611.0,99.4897,2.478316736937826,336.346,2.74,0.08,56395.333333333336,7.2,21173.230701725,92818.78512134444,76.7128539368527,118.57976557572631,83197.33333333333,0.25779,0.25779,82.08999633789062,17.010000228881836,107.6500015258789,111.28,3.43,604.0,622.0,-0.55
2013-09-01,79180046610874.64,100.021,2.4535514951909767,338.721,2.81,0.08,56518.66666666666,7.2,21192.6789233,93034.92297895555,93.53116019249384,132.71074288082772,82736.66666666667,0.34294,0.17147,80.22000122070312,16.600000381469727,102.01499938964844,111.6,3.62,546.0,584.0,-0.27
2013-10-01,79358631398138.28,99.9037,2.428786253444128,336.807,2.62,0.09,56642.0,7.2,21212.127144875,93251.06083656668,159.4561083975777,158.69902064413617,82276.0,0.5017,0.16723,80.19999694824219,13.75,96.37999725341797,109.08,3.68,487.0,595.0,-0.18
2013-11-01,79537216185401.92,100.1582,2.4040210116972784,339.241,2.72,0.08,56543.0,6.9,21231.57536645,93467.1986941778,67.16274174659195,96.36440601588356,82847.66666666667,0.13216,0.26431,80.68000030517578,13.699999809265137,92.72000122070312,107.79,3.64,579.0,674.0,-0.68
2013-12-01,79715800972665.56,100.374,2.3792557699504293,344.229,2.9,0.09,56444.0,6.7,21251.023588025004,93683.33655178887,95.22825315679025,119.3407726123067,83419.33333333333,0.22773,0.22773,80.04000091552734,13.720000267028809,95.10499954223633,110.76,4.24,616.0,997.0,-0.49
2014-01-01,79894385759929.2,99.9899,2.35449052820358,362.119,2.86,0.07,56345.0,6.6,21270.471809600003,93899.4744094,76.31707390280305,111.03170396729928,83991.0,0.45716,0.28572,81.2699966430664,18.40999984741211,97.48999786376953,108.12,4.71,606.0,1005.0,-0.63
2014-02-01,79516491714788.64,100.7471,2.2786044169122883,381.604,2.71,0.07,56552.66666666666,6.7,21378.150915183334,94129.45452343208,44.05551530950866,98.2153242341038,84664.66666666667,0.15988,0.05329,79.77999877929688,14.0,102.58999633789062,108.9,6.0,629.0,726.0,-0.29
2014-03-01,79138597669648.1,101.7435,2.202718305620997,352.431,2.72,0.08,56760.333333333336,6.7,21485.83002076667,94359.43463746416,45.16197703077868,113.56303087898738,85338.33333333333,0.23822,0.35734,80.0999984741211,13.880000114440918,101.58000183105469,107.48,4.9,610.0,700.0,-0.62
2014-04-01,78760703624507.53,101.8273,2.126832194329705,340.56,2.71,0.09,56968.0,6.2,21593.50912635,94589.41475149624,25.73011665698256,101.7001784004452,86012.0,0.42853,0.48974,79.48999786376953,13.40999984741211,99.73999786376953,107.76,4.66,522.0,648.0,-0.81
2014-05-01,78382809579366.97,102.2392,2.0509460830384136,339.154,2.56,0.09,57157.333333333336,6.3,21701.18823193333,94819.39486552832,30.263870965489176,104.16957384700262,84717.66666666667,0.46782,0.46782,80.37000274658203,11.399999618530272,102.70999908447266,109.54,4.58,525.0,657.0,-0.82
2014-06-01,78004915534226.4,102.5774,1.9750599717471216,338.331,2.6,0.1,57346.66666666666,6.1,21808.86733751667,95049.3749795604,18.68332576554847,86.63395246202977,83423.33333333333,0.27279,0.21823,79.77999877929688,11.56999969482422,100.43999862670898,111.8,4.59,549.0,724.0,-0.68
2014-07-01,77627021489085.84,102.7954,1.89917386045583,338.806,2.54,0.09,57536.0,6.2,21916.5464431,95279.35509359246,42.36643002904143,93.18060692600912,82129.0,0.11911,0.05956,81.45999908447266,16.950000762939453,98.16999816894531,106.77,4.05,556.0,833.0,-0.81
2014-08-01,77249127443945.3,102.6322,1.8232877491645385,340.2,2.42,0.09,57591.333333333336,6.1,22024.22554868333,95509.33520762454,34.959716777078064,99.64119810687572,77586.33333333333,0.50047,0.38926,82.75,12.09000015258789,95.95999908447266,101.61,3.91,545.0,699.0,-0.62
2014-09-01,76871233398804.73,102.9417,1.7474016378732466,333.25,2.53,0.09,57646.66666666666,5.9,22131.904654266666,95739.3153216566,45.63621949611687,123.56655356956657,73043.66666666667,0.27965,0.39152,85.94000244140625,16.309999465942383,91.16000366210938,97.09,3.92,570.0,623.0,-0.82
2014-10-01,76493339353664.17,102.9611,1.6715155265819552,323.344,2.3,0.09,57702.0,5.7,22239.58375985,95969.29543568868,41.26954379968663,119.2776144965392,68501.0,0.06093,0.30463,86.87999725341797,14.029999732971191,80.54000091552734,87.43,3.78,735.0,809.0,-0.59
2014-11-01,76115445308523.62,103.5978,1.5956294152906634,317.626,2.33,0.09,57841.66666666666,5.8,22347.26286543333,96199.27554972075,32.1126884967344,114.0588766816968,65173.333333333336,0.0,0.25731,88.36000061035156,13.329999923706056,66.1500015258789,79.44,4.12,823.0,866.0,-0.97
2014-12-01,75737551263383.06,103.6151,1.5197433039993715,295.589,2.21,0.12,57981.333333333336,5.6,22454.941971016666,96429.25566375285,37.34541893242698,111.54324790851189,61845.66666666666,0.36489,0.18244,90.2699966430664,19.200000762939453,53.27000045776367,62.34,3.48,787.0,862.0,-0.39
2015-01-01,75359657218242.5,102.7923,1.44385719270808,271.328,1.88,0.11,58121.0,5.7,22562.6210766,96659.23577778492,51.936287012836495,136.20682542560965,58518.0,0.67639,0.81166,94.8000030517578,20.96999931335449,48.2400016784668,47.76,2.99,678.0,863.0,-0.5
2015-02-01,75462021654663.58,102.1366,1.4573306911609176,269.641,1.98,0.11,58206.0,5.5,22745.5320127,96696.70946328276,36.31179571259207,113.05681824484108,61143.333333333336,0.18279,0.54838,95.25,13.34000015258789,52.036668141682945,58.1,2.87,695.0,841.0,-0.31
2015-03-01,75564386091084.67,101.7869,1.4708041896137551,277.899,2.04,0.11,58291.0,5.4,22928.4429488,96734.18314878058,33.92811262574285,103.92913827623585,63768.66666666666,0.05812,0.29058,98.36000061035156,15.289999961853027,55.833334604899086,55.89,2.83,676.0,809.0,-0.38
2015-04-01,75666750527505.75,101.2255,1.4842776880665929,266.924,1.94,0.12,58376.0,5.4,23111.3538849,96771.6568342784,35.80220842179848,102.124630419091,66394.0,0.06794,0.40766,94.5999984741211,14.550000190734863,59.630001068115234,59.52,2.61,606.0,754.0,-0.33
2015-05-01,75769114963926.83,100.7675,1.4977511865194302,265.835,2.2,0.12,58412.66666666666,5.6,23294.264821,96809.13051977624,31.08436625533754,106.3845343478046,63524.333333333336,0.11657,0.40799,96.91000366210938,13.84000015258789,60.29999923706055,64.08,2.85,694.0,857.0,-0.54
2015-06-01,75871479400347.92,100.4588,1.5112246849722677,264.841,2.36,0.13,58449.333333333336,5.3,23477.1757571,96846.60420527404,33.0426179066883,117.31681537372462,60654.66666666666,0.23323,0.93294,95.48999786376952,18.229999542236328,59.470001220703125,61.48,2.78,784.0,976.0,-0.85
2015-07-01,75973843836769.0,101.0893,1.5246981834251052,256.667,2.32,0.13,58486.0,5.2,23660.0866932,96884.07789077188,52.275351996919895,128.4797126072808,57785.0,0.49997,1.14278,97.37000274658205,12.119999885559082,47.119998931884766,56.56,2.84,728.0,755.0,-0.4
2015-08-01,76076208273190.08,100.9165,1.5381716818779425,247.622,2.17,0.14,58480.66666666666,5.1,23842.9976293,96921.55157626972,74.79461287622023,131.1172280027092,56245.0,0.30861,0.30861,95.9499969482422,28.43000030517578,49.20000076293945,46.52,2.77,591.0,598.0,-0.67
2015-09-01,76178572709611.17,100.633,1.55164518033078,241.051,2.17,0.14,58475.333333333336,5.0,24025.9085654,96959.02526176754,104.99440168614764,174.3706667663793,54705.0,0.51322,0.36659,96.3499984741211,24.5,45.09000015258789,47.62,2.66,511.0,715.0,-0.38
2015-10-01,76280937146032.25,100.1563,1.5651186787836175,240.798,2.07,0.12,58470.0,5.0,24208.8195015,96996.49894726535,63.58585267414868,125.18303181948048,53165.0,0.52738,0.26369,96.9499969482422,15.06999969482422,46.59000015258789,48.43,2.34,464.0,788.0,-0.22
2015-11-01,76383301582453.33,99.4366,1.578592177236455,241.288,2.26,0.12,58548.0,5.1,24391.7304376,97033.9726327632,35.15372560149704,101.82249383667408,52396.333333333336,0.28125,0.28125,100.16999816894533,16.1299991607666,41.81500053405762,44.27,2.09,531.0,907.0,-0.63
2015-12-01,76485666018874.42,98.9471,1.5920656756892926,226.805,2.24,0.24,58626.0,5.0,24574.6413737,97071.44631826102,60.35844993918739,113.05495556767102,51627.66666666666,0.29796,0.37245,98.62999725341795,18.209999084472656,37.040000915527344,38.01,1.93,580.0,869.0,-0.59
2016-01-01,76588030455295.5,99.4391,1.60553917414213,215.393,2.09,0.34,58704.0,4.8,24757.5523098,97108.92000375885,55.45720481406289,149.56985914989977,50859.0,0.84481,0.33792,99.61000061035156,20.200000762939453,33.619998931884766,30.7,2.28,645.0,817.0,-0.79
2016-02-01,77001607563582.48,98.9232,1.6596006195759634,211.663,1.78,0.38,58731.66666666666,4.9,24684.02507578333,97167.0517348368,65.95661833432227,155.86750034190052,52313.333333333336,0.0,0.50967,98.20999908447266,20.549999237060547,33.75,32.18,1.99,515.0,730.0,-0.73
2016-03-01,77415184671869.47,98.1635,1.713662065009797,212.927,1.89,0.36,58759.333333333336,5.0,24610.497841766668,97225.18346591476,50.41493833284612,166.25606506926263,53767.66666666666,0.2584,1.11972,94.58999633789062,13.949999809265137,38.34000015258789,38.21,1.73,495.0,840.0,-0.63
2016-04-01,77828761780156.45,98.4775,1.76772351044363,215.225,1.81,0.37,58787.0,5.1,24536.97060775,97283.31519699271,37.04986348718591,144.6190434992811,55222.0,0.29223,0.65751,93.08000183105467,15.699999809265137,45.91999816894531,41.58,1.92,545.0,730.0,-0.26
2016-05-01,78242338888443.44,98.2549,1.8217849558774637,222.945,1.81,0.37,58886.0,4.8,24463.44337373333,97341.4469280707,39.74792311463502,132.83225736919096,53246.333333333336,0.38833,1.35916,95.88999938964844,14.1899995803833,47.125,46.74,1.92,496.0,753.0,-0.71
2016-06-01,78655915996730.42,98.7315,1.8758464013112968,230.486,1.64,0.38,58985.0,4.9,24389.916139716668,97399.57865914864,170.21874361285165,243.31866505947485,51270.66666666666,0.19179,8.82248,96.13999938964844,15.630000114440918,48.33000183105469,48.25,2.59,464.0,691.0,-0.28
2016-07-01,79069493105017.4,98.8452,1.92990784674513,230.473,1.5,0.39,59084.0,4.8,24316.3889057,97457.71039022662,116.08236685229927,236.1866830353752,49295.0,0.17915,7.61397,95.52999877929688,11.869999885559082,41.599998474121094,44.95,2.82,465.0,541.0,-0.16
2016-08-01,79483070213304.38,98.7427,1.9839692921789636,229.326,1.56,0.4,59154.66666666666,4.9,24242.86167168333,97515.84212130458,65.26916128771535,143.8412757959781,52557.66666666666,0.10238,2.45714,96.0199966430664,13.420000076293944,44.70000076293945,45.84,2.82,447.0,515.0,0.1
2016-09-01,79896647321591.36,98.6552,2.0380307376127966,230.585,1.63,0.4,59225.333333333336,5.0,24169.33443766667,97573.97385238254,39.37248550286007,149.05248897294982,55820.333333333336,0.25332,2.02655,95.45999908447266,13.289999961853027,48.2400016784668,46.57,2.99,352.0,625.0,-0.29
2016-10-01,80310224429878.34,98.7237,2.09209218304663,237.05,1.76,0.4,59296.0,4.9,24095.80720365,97632.1055834605,54.63936885393935,134.1685919881143,59083.0,0.19825,2.87455,98.4499969482422,17.059999465942383,46.86000061035156,49.52,2.98,417.0,656.0,-0.05
2016-11-01,80723801538165.33,98.3443,2.146153628480463,236.704,2.14,0.41,59362.0,4.7,24022.27996963333,97690.23731453846,111.16061079404392,251.3946203244285,58994.66666666666,0.57388,6.54227,101.5,13.329999923706056,49.439998626708984,44.73,2.55,439.0,891.0,-0.31
2016-12-01,81137378646452.31,99.0406,2.2002150739142965,243.498,2.49,0.54,59428.0,4.7,23948.75273561667,97748.36904561643,86.7404401258283,222.44714841119617,58906.333333333336,0.19952,1.99517,102.38999938964844,14.039999961853027,53.720001220703125,53.31,3.59,678.0,919.0,-0.22
2017-01-01,81550955754739.3,98.8158,2.25427651934813,250.636,2.43,0.65,59494.0,4.7,23875.2255016,97806.5007766944,86.0506771573363,265.86692376839625,58818.0,0.20743,2.28175,99.51000213623048,11.989999771118164,53.864999771118164,54.58,3.3,603.0,901.0,0.17
2017-02-01,81978948674062.81,98.4356,2.2706170126109315,252.102,2.42,0.66,59574.66666666666,4.6,23879.837956625,98023.9489344186,99.2918754406169,202.1851022290813,58679.0,0.22106,1.43689,101.12000274658205,12.920000076293944,54.0099983215332,54.87,2.85,601.0,835.0,0.15
2017-03-01,82406941593386.33,99.0492,2.2869575058737333,249.799,2.48,0.79,59655.333333333336,4.4,23884.450411650003,98241.3970921428,50.93557316310879,235.46237189796545,58540.0,0.09501,1.9003,100.3499984741211,12.369999885559082,50.599998474121094,51.59,2.88,751.0,790.0,0.07
2017-04-01,82834934512709.84,100.0416,2.303297999136535,251.602,2.3,0.9,59736.0,4.4,23889.062866675,98458.84524986704,36.36981845795532,181.29952866179696,58401.0,0.35497,2.60313,99.0500030517578,10.81999969482422,49.33000183105469,52.31,3.1,613.0,785.0,0.0
2017-05-01,83262927432033.36,100.128,2.3196384923993367,247.118,2.3,0.91,59857.0,4.4,23893.6753217,98676.29340759123,42.427305774433485,165.9825260493296,60280.333333333336,0.0,1.16053,96.91999816894533,10.40999984741211,48.31999969482422,50.33,3.15,558.0,768.0,-0.14
2017-06-01,83690920351356.88,100.337,2.3359789856621385,243.269,2.19,1.04,59978.0,4.3,23898.287776725003,98893.74156531546,47.22938022014487,169.6444721175427,62159.66666666666,0.22031,0.99138,95.66000366210938,11.18000030517578,46.040000915527344,46.37,2.98,563.0,663.0,0.09
2017-07-01,84118913270680.4,100.0865,2.35231947892494,240.827,2.32,1.15,60099.0,4.3,23902.90023175,99111.18972303969,38.02158186792361,149.1324796668846,64039.0,0.3312,1.21439,92.86000061035156,10.260000228881836,50.16999816894531,48.48,2.98,541.0,639.0,0.09
2017-08-01,84546906190003.92,99.6323,2.368659972187741,250.736,2.21,1.16,60290.66666666666,4.4,23907.512686775,99328.63788076388,23.324618410601573,141.11362665872318,67830.0,0.11794,0.5897,92.66999816894533,10.59000015258789,47.22999954223633,51.7,2.9,703.0,677.0,0.39
2017-09-01,84974899109327.44,99.7482,2.3850004654505432,260.479,2.2,1.15,60482.333333333336,4.3,23912.125141800003,99546.0860384881,35.04265407750282,157.42401300056187,71621.0,0.17242,0.43106,93.08000183105467,9.510000228881836,51.66999816894531,56.15,2.98,667.0,776.0,0.55
2017-10-01,85402892028650.95,100.9893,2.401340958713345,261.249,2.36,1.15,60674.0,4.2,23916.737596825,99763.5341962123,47.6315503918878,150.6056903187011,75412.0,0.35782,0.71565,94.5500030517578,10.18000030517578,54.53499984741211,57.51,2.88,528.0,871.0,0.78
2017-11-01,85830884947974.47,101.2493,2.4176814519761467,270.037,2.35,1.16,60813.66666666666,4.2,23921.35005185,99980.98235393652,21.467146465889684,155.84287407866708,73707.0,0.24581,1.10615,93.01000213623048,11.279999732971191,57.400001525878906,62.71,3.01,634.0,806.0,0.81
2017-12-01,86258877867297.98,101.4871,2.4340219452389484,275.414,2.4,1.3,60953.333333333336,4.1,23925.962506875003,100198.43051166074,26.801664784107903,149.5336818746787,72002.0,0.54547,1.22731,92.12000274658205,11.039999961853027,60.41999816894531,64.37,2.82,720.0,827.0,0.68
2018-01-01,86686870786621.5,101.4852,2.45036243850175,286.177,2.58,1.41,61093.0,4.0,23930.5749619,100415.87866938495,31.985083987862534,151.62605481831983,70297.0,0.48047,1.08107,89.12999725341797,13.539999961853027,64.7300033569336,69.08,3.87,602.0,664.0,0.58
2018-02-01,86791762749196.19,101.7319,2.4300049901112084,281.993,2.86,1.42,61174.0,4.1,23796.138420175,100394.69022207198,43.190992159822834,124.83933460030444,73513.66666666667,0.24542,1.22712,90.61000061035156,19.850000381469727,61.63999938964844,65.32,2.67,622.0,658.0,0.05
2018-03-01,86896654711770.88,102.1943,2.409647541720666,281.306,2.84,1.51,61255.0,4.0,23661.701878450003,100373.501774759,27.382045863887942,168.48328955378193,76730.33333333333,0.10931,0.76516,89.97000122070312,19.96999931335449,64.94000244140625,66.02,2.69,560.0,661.0,0.43
2018-04-01,87001546674345.58,103.3551,2.389290093330125,291.357,2.87,1.69,61336.0,4.0,23527.265336725,100352.31332744604,30.688175770540337,157.67801729700898,79947.0,0.10401,0.62406,91.83999633789062,15.93000030517578,65.9900016784668,72.11,2.8,567.0,656.0,0.5
2018-05-01,87106438636920.27,102.381,2.368932644939584,291.823,2.98,1.7,61431.333333333336,3.8,23392.828795,100331.12488013308,29.949786982217667,175.91881688136425,81021.66666666667,0.76543,1.02057,93.98999786376952,15.43000030517578,67.04000091552734,76.98,2.8,555.0,754.0,0.36
2018-06-01,87211330599494.95,103.2256,2.348575196549042,292.436,2.91,1.82,61526.66666666666,4.0,23258.392253275,100309.93643282008,29.21049918454364,178.34341343881084,82096.33333333333,0.33987,0.79303,94.62999725341795,16.09000015258789,74.1500015258789,74.41,2.97,496.0,712.0,0.42
2018-07-01,87316222562069.66,103.3561,2.3282177481585,298.175,2.89,1.91,61622.0,3.8,23123.95571155,100288.74798550711,62.88610321710545,223.6672658393203,83171.0,0.11754,1.05786,94.48999786376952,12.829999923706056,71.97500228881836,74.25,2.83,498.0,768.0,0.42
2018-08-01,87421114524644.34,104.0585,2.3078602997679583,303.794,2.89,1.91,61621.0,3.8,22989.519169825,100267.55953819414,41.6766629214894,180.047014921587,82441.0,0.22533,1.23932,95.13999938964844,12.859999656677246,69.80000305175781,72.53,2.96,501.0,786.0,0.52
2018-09-01,87526006487219.03,104.1038,2.2875028513774165,306.195,3.0,1.95,61620.0,3.7,22855.0826281,100246.37109088116,20.14998196639397,195.9820386090991,81711.0,0.30816,0.61632,95.19000244140624,12.119999885559082,73.25,78.89,3.0,550.0,791.0,0.45
2018-10-01,87630898449793.72,103.9297,2.267145402986875,306.119,3.15,2.19,61619.0,3.8,22720.646086375,100225.1826435682,34.80853866696187,221.7868595392385,80981.0,0.47545,1.42636,97.12999725341795,21.229999542236328,65.30999755859375,81.03,3.28,569.0,1157.0,0.52
2018-11-01,87735790412368.4,104.0126,2.2467879545963334,298.763,3.12,2.2,61725.66666666666,3.8,22586.20954465,100203.99419625524,42.64734421821597,247.28008052629477,80783.33333333333,0.30417,1.82504,97.2699966430664,18.06999969482422,50.93000030517578,64.75,4.09,792.0,1132.0,0.44
2018-12-01,87840682374943.11,104.0451,2.226430506205792,280.556,2.83,2.27,61832.333333333336,3.9,22451.773002925,100182.80574894224,151.20985886852682,270.8775832968987,80585.66666666667,0.60372,5.43352,96.16999816894533,25.420000076293945,45.40999984741211,57.36,4.04,823.0,1252.0,0.45
2019-01-01,87945574337517.8,103.3598,2.20607305781525,268.941,2.71,2.4,61939.0,4.0,22317.3364612,100161.61730162927,144.4401631912337,263.31939517932767,80388.0,0.88731,2.80981,95.58000183105467,16.56999969482422,53.790000915527344,59.41,3.11,653.0,848.0,0.51
2019-02-01,87748252996907.61,102.8251,2.1823143034696875,276.268,2.68,2.4,62087.66666666666,3.8,22161.58382615833,99632.94701780958,68.14417163406954,205.67810585846087,79686.66666666667,0.1254,1.25404,96.16000366210938,14.779999732971191,57.220001220703125,63.96,2.69,576.0,781.0,0.14
2019-03-01,87550931656297.4,102.8361,2.158555549124125,280.952,2.57,2.41,62236.333333333336,3.8,22005.831191116667,99104.2767339899,55.81151055631474,250.97613934345037,78985.33333333333,0.29462,1.47312,97.27999877929688,13.710000038146973,60.13999938964844,66.14,2.95,737.0,648.0,0.21
2019-04-01,87353610315687.22,102.2748,2.134796794778562,288.646,2.53,2.42,62385.0,3.7,21850.078556075,98575.6064501702,34.84830528211031,191.5931676089786,78284.0,0.62171,1.088,97.4800033569336,13.119999885559082,63.90999984741211,71.23,2.65,567.0,634.0,0.01
2019-05-01,87156288975077.03,102.4176,2.111038040433,291.141,2.4,2.39,62597.333333333336,3.6,21694.32592103333,98046.93616635053,52.624133144215016,241.49079290467512,77376.0,0.12598,1.25978,97.75,18.709999084472656,53.5,71.32,2.64,537.0,636.0,-0.62
2019-06-01,86958967634466.84,102.5425,2.0872792860874374,281.954,2.07,2.38,62809.66666666666,3.6,21538.573285991668,97518.26588253085,146.16013491265022,316.5269653563669,76468.0,0.13839,0.55357,96.12999725341795,15.079999923706056,58.470001220703125,64.22,2.4,539.0,680.0,-0.46
2019-07-01,86761646293856.66,102.0057,2.063520531741875,283.58,2.06,2.4,63022.0,3.7,21382.82065095,96989.59559871114,100.78423049750997,262.04990005393444,75560.0,0.17024,0.68094,98.5199966430664,16.1200008392334,58.58000183105469,63.92,2.37,456.0,621.0,-0.44
2019-08-01,86564324953246.45,102.7814,2.039761777396312,280.499,1.63,2.13,63134.66666666666,3.6,21227.06801590833,96460.92531489146,276.77617092126246,317.7852188742425,77480.33333333333,0.14636,2.78084,98.91999816894533,18.979999542236328,55.099998474121094,59.04,2.22,468.0,656.0,-0.28
2019-09-01,86367003612636.27,102.4601,2.0160030230507497,278.086,1.7,2.04,63247.333333333336,3.5,21071.315380866665,95932.25503107176,128.29300461390065,273.8589142022654,79400.66666666667,0.58535,2.19504,99.37999725341795,16.239999771118164,54.63999938964844,62.83,2.56,468.0,961.0,0.15
2019-10-01,86169682272026.08,101.5878,1.9922442687051876,274.996,1.71,1.83,63360.0,3.6,20915.562745825,95403.58474725208,91.94444098765804,258.46132868650534,81321.0,0.1063,2.44481,97.3499984741211,13.220000267028809,54.18000030517578,59.71,2.33,693.0,1040.0,0.1
2019-11-01,85972360931415.88,102.1494,1.968485514359625,278.762,1.81,1.55,63045.333333333336,3.6,20759.81011078333,94874.9144634324,65.23653796262712,253.44261444589347,74886.0,0.30004,2.10026,98.2699966430664,12.619999885559082,55.16999816894531,63.21,2.65,923.0,1267.0,0.17
2019-12-01,85775039590805.69,101.9421,1.9447267600140623,286.453,1.86,1.55,62730.66666666666,3.6,20604.057475741665,94346.24417961272,91.52631523198718,266.15379807882897,68451.0,0.47224,4.25017,96.38999938964844,13.779999732971191,53.364999771118164,67.31,2.22,952.0,1597.0,0.05
2020-01-01,85577718250195.5,101.3372,1.9209680056685,277.245,1.76,1.55,62416.0,3.6,20448.3048407,93817.57389579302,86.03760438520453,227.99549220317044,62016.0,0.79111,1.18667,97.38999938964844,18.84000015258789,51.560001373291016,63.65,2.02,615.0,882.0,0.07
2020-02-01,86573494469504.3,101.6718,2.04979782629036,263.313,1.5,1.58,60760.333333333336,3.5,20463.114205041667,93975.51694148418,97.58691540369183,230.556020375036,58320.0,1.17195,2.51132,98.12999725341795,40.11000061035156,44.7599983215332,55.66,1.91,652.0,796.0,1.26
2020-03-01,87569270688813.1,97.606,2.17862764691222,240.98,0.87,0.65,59104.66666666666,4.4,20477.923569383333,94133.45998717536,304.0692764054448,356.98859560253715,54624.0,0.65492,2.61969,99.0500030517578,53.540000915527344,31.799999237060547,32.01,1.79,866.0,1394.0,2.6
2020-04-01,88565046908121.9,84.6812,2.30745746753408,221.206,0.66,0.05,57449.0,14.8,20492.732933725,94291.40303286652,204.4861347443216,359.00271341992465,50928.0,0.35154,0.87885,99.0199966430664,34.150001525878906,18.84000015258789,18.38,1.74,1912.0,1236.0,3.28
2020-05-01,89560823127430.7,86.0108,2.43628728815594,215.38,0.67,0.05,58937.66666666666,13.2,20507.542298066663,94449.34607855768,181.88707538947023,431.7279139481342,52028.66666666666,0.62703,0.83604,98.33999633789062,27.51000022888184,35.4900016784668,29.38,1.75,587.0,713.0,2.5
2020-06-01,90556599346739.5,91.6745,2.5651171087778,225.864,0.73,0.08,60426.333333333336,11.0,20522.35166240833,94607.28912424884,165.41869748855248,328.7391013057419,53129.333333333336,0.18618,1.6756,97.38999938964844,30.43000030517578,39.27000045776367,40.27,1.63,396.0,462.0,2.26
2020-07-01,91552375566048.3,95.0037,2.69394692939966,232.455,0.62,0.09,61915.0,10.2,20537.16102675,94765.23216994002,116.50112764198052,352.1930424844074,54230.0,0.15555,1.2444,93.48999786376952,24.459999084472656,40.27000045776367,43.24,1.77,356.0,506.0,2.96
2020-08-01,92548151785357.1,95.9294,2.82277675002152,236.504,0.65,0.1,62128.0,8.4,20551.970391091665,94923.17521563118,91.3675568950422,301.6265140256261,56850.0,0.16303,1.14121,92.13999938964844,26.40999984741211,42.61000061035156,44.74,2.3,485.0,474.0,1.48
2020-09-01,93543928004665.88,95.8914,2.95160657064338,229.059,0.68,0.09,62341.0,7.8,20566.779755433334,95081.11826132236,124.0286424790192,289.9933773612813,59470.0,0.0,2.00066,93.88999938964844,26.3700008392334,40.220001220703125,40.91,1.92,373.0,435.0,0.62
2020-10-01,94539704223974.69,96.5256,3.0804363912652404,225.118,0.79,0.09,62554.0,6.8,20581.589119775,95239.06130701352,108.1021296023301,307.7694517169625,62090.0,0.51584,3.95481,94.04000091552734,38.02000045776367,35.790000915527344,40.19,2.39,312.0,411.0,0.11
2020-11-01,95535480443283.5,96.9529,3.2092662118871003,231.844,0.87,0.09,62845.333333333336,6.7,20596.398484116668,95397.0043527047,146.89753629605283,368.3857630190788,66946.66666666667,0.15296,1.98843,91.87000274658205,20.56999969482422,42.15500068664551,42.69,2.61,351.0,458.0,0.75
2020-12-01,96531256662592.3,98.2039,3.33809603250896,248.305,0.93,0.09,63136.66666666666,6.7,20611.207848458333,95554.94739839586,80.543581756182,295.6659005782739,71803.33333333333,0.33921,1.86565,89.94000244140625,22.75,48.52000045776367,49.99,2.59,385.0,466.0,1.67
2021-01-01,97527032881901.1,98.8135,3.46692585313082,257.34,1.08,0.09,63428.0,6.4,20626.0172128,95712.89044408702,71.01076059051908,280.5785573826424,76660.0,0.34306,1.20071,90.58000183105467,33.09000015258789,52.20000076293945,54.77,2.71,511.0,517.0,1.31
2021-02-01,97835201774356.23,95.5072,3.841979833384873,278.375,1.26,0.08,63749.333333333336,6.2,20855.088419191667,96084.8409995144,46.02775303599001,215.4192316309938,79013.0,0.32151,0.80376,90.93000030517578,27.950000762939453,61.5,62.28,5.35,526.0,669.0,1.93
2021-03-01,98143370666811.4,98.1929,4.217033813638925,284.478,1.61,0.07,64070.66666666666,6.1,21084.159625583336,96456.79155494177,62.32493230972862,215.26545486296573,81366.0,0.48066,0.96132,93.2300033569336,19.399999618530277,59.15999984741211,65.41,2.62,643.0,710.0,2.24
2021-04-01,98451539559266.56,98.3317,4.592087793892977,283.597,1.64,0.07,64392.0,6.1,21313.230831975,96828.74211036912,29.809130604054896,199.3953267881108,83719.0,0.32256,1.6128,91.27999877929688,18.61000061035156,63.58000183105469,64.81,2.66,469.0,606.0,2.74
2021-05-01,98759708451721.72,99.1867,4.96714177414703,291.035,1.62,0.06,64553.66666666666,5.8,21542.302038366663,97200.6926657965,49.0334615396898,190.32074621378487,83986.66666666667,1.07362,0.0,89.83999633789062,16.760000228881836,66.31999969482422,68.53,2.91,509.0,604.0,3.02
2021-06-01,99067877344176.88,99.6483,5.342195754401082,299.314,1.52,0.08,64715.333333333336,5.9,21771.37324475833,97572.64322122386,64.35310940331831,178.87864545298092,84254.33333333333,0.51051,1.1912,92.44000244140624,15.829999923706056,73.47000122070312,73.16,3.26,447.0,598.0,2.75
2021-07-01,99376046236632.05,100.0668,5.717249734655136,304.134,1.32,0.1,64877.0,5.4,22000.44445115,97944.59377665122,76.98576387922527,205.59043649901096,84522.0,0.12134,0.24268,92.16999816894533,18.239999771118164,73.94999694824219,75.17,3.84,488.0,604.0,2.92
2021-08-01,99684215129087.2,100.0412,6.092303714909187,303.845,1.28,0.09,65246.66666666666,5.1,22229.515657541662,98316.5443320786,52.73314103175526,216.41775886869823,87179.66666666667,0.17229,0.51687,92.62999725341795,16.479999542236328,74.48999786376953,70.75,4.07,535.0,610.0,3.27
2021-09-01,99992384021542.36,98.9955,6.4673576951632405,311.5,1.37,0.08,65616.33333333333,4.7,22458.58686393333,98688.49488750596,79.6231235756659,205.34855719898,89837.33333333333,0.33784,0.0,94.25,23.13999938964844,75.02999877929688,74.49,5.16,496.0,626.0,3.34
2021-10-01,100300552913997.52,100.3542,6.842411675417292,332.822,1.58,0.08,65986.0,4.5,22687.658070325,99060.44544293331,65.49623407320315,195.24711138659265,92495.0,0.0,0.64538,94.12000274658205,16.260000228881836,83.56999969482422,83.54,5.51,568.0,797.0,3.88
2021-11-01,100608721806452.69,101.2684,7.2174656556713455,343.203,1.56,0.08,65917.0,4.1,22916.729276716665,99432.3959983607,53.98210262275066,228.02411354554116,100463.66666666669,0.0,0.57113,95.98999786376952,27.190000534057617,66.18000030517578,81.05,5.05,636.0,721.0,4.29
2021-12-01,100916890698907.84,101.1948,7.592519635925398,343.663,1.47,0.08,65848.0,3.9,23145.80048310833,99804.34655378808,153.26201508801608,266.1485300094912,108432.33333333331,0.0,0.44728,95.66999816894533,17.219999313354492,75.20999908447266,74.17,3.76,788.0,786.0,4.38
2022-01-01,101225059591363.0,101.2146,7.96757361617945,352.178,1.76,0.08,65779.0,4.0,23374.8716895,100176.29710921543,156.3303814126659,232.02196417419069,116401.0,0.0,0.14537,96.54000091552734,24.82999992370605,88.1500015258789,86.51,4.38,560.0,689.0,3.69
2022-02-01,101225059591363.0,101.8458,7.96757361617945,371.651,1.93,0.08,65772.66666666667,3.8,23374.8716895,100176.29710921543,110.05818827122042,191.883796515312,122608.0,0.31543,0.0,96.70999908447266,30.149999618530277,95.72000122070312,97.13,4.69,731.0,1343.0,2.78
2022-03-01,101225059591363.0,102.6732,7.96757361617945,430.753,2.13,0.2,65766.33333333333,3.6,23374.8716895,100176.29710921543,189.90669506231285,330.06573919858505,128815.0,0.40203,0.67005,98.30999755859376,20.559999465942383,100.27999877929688,117.25,4.9,921.0,1279.0,2.83
2022-04-01,101225059591363.0,102.9024,7.96757361617945,450.664,2.75,0.33,65760.0,3.7,23374.8716895,100176.29710921543,131.09880091023825,302.9538615992379,135022.0,0.0,0.31735,102.95999908447266,33.400001525878906,104.69000244140625,104.58,6.6,1255.0,1253.0,3.51
2022-05-01,101225059591363.0,102.9659,7.96757361617945,512.249,2.9,0.77,65878.33333333333,3.6,23374.8716895,100176.29710921543,149.56105068003365,291.29650498727244,132068.33333333334,0.0,0.75713,101.75,26.190000534057617,105.22500228881836,113.34,8.14,1426.0,1119.0,2.73
2022-06-01,101225059591363.0,102.8224,7.96757361617945,509.85,3.14,1.21,65996.66666666667,3.6,23374.8716895,100176.29710921543,138.59429473573738,275.36867583382605,129114.66666666669,0.0,0.0,104.69000244140624,28.709999084472656,105.76000213623047,122.71,7.7,1566.0,1234.0,2.41
2022-07-01,101225059591363.0,103.0505,7.96757361617945,469.843,2.9,1.68,66115.0,3.5,23374.8716895,100176.29710921543,161.91759508532616,317.25349278905577,126161.0,0.63729,0.31864,105.9000015258789,21.32999992370605,98.62000274658203,111.93,7.28,1363.0,1466.0,1.8
2022-08-01,101225059591363.0,103.1703,7.96757361617945,451.839,2.9,2.33,66268.33333333333,3.6,23374.8716895,100176.29710921543,120.39347673975216,257.0537331883422,124285.0,0.54389,0.0,108.6999969482422,25.8700008392334,89.55000305175781,100.45,8.81,1236.0,1512.0,1.51
2022-09-01,101225059591363.0,103.5326,7.96757361617945,435.761,3.52,2.56,66421.66666666667,3.5,23374.8716895,100176.29710921543,149.0037319663473,281.8775556439754,122409.0,0.0,0.36655,112.12000274658205,31.6200008392334,79.48999786376953,89.76,7.88,1162.0,1477.0,1.0
2022-10-01,101225059591363.0,103.4442,7.96757361617945,478.732,3.98,3.08,66575.0,3.6,23374.8716895,100176.29710921543,204.49368915131672,301.27726562797324,120533.0,0.0,0.0,111.52999877929688,25.8799991607666,86.52999877929688,93.33,5.66,1213.0,1827.0,1.11
2022-11-01,101225059591363.0,103.1058,7.96757361617945,485.983,3.89,3.78,66575.0,3.6,23374.8716895,100176.29710921543,195.6611232805569,332.4422574632597,120533.0,0.0,0.54907,105.9499969482422,20.57999992370605,80.55000305175781,91.42,5.45,1816.0,2353.0,1.26
2022-12-01,101225059591363.0,101.8266,7.96757361617945,433.4,3.62,4.1,66575.0,3.5,23374.8716895,100176.29710921543,163.29474339985205,263.52428476229807,120533.0,0.0,0.31882,103.5199966430664,21.670000076293945,80.55000305175781,80.92,5.53,2135.0,1873.0,1.33
